{
  "controller/MyShellPlugin.controller.js": 1600257363000,
  "Component.js": 1607601386154,
  "model/models.js": 1600257363000,
  "i18n/i18n.properties": 1600257363000,
  "manifest.json": 1607601406211,
  "manifest-bundle.zip": 1607601405760,
  "Component-preload.js": 1607601406160,
  "controller/MyShellPlugin-dbg.controller.js": 1600257363000,
  "model/models-dbg.js": 1600257363000,
  "Component-dbg.js": 1607601386154,
  "resources.json": 1607601406215,
  "view/MyShellPlugin.view.xml": 1600257363000,
  "css/style.css": 1600257363000,
  "index.html": 1600257363000
}